MSE;MAE;RMSE;R2
297012193077.14343;404510.1109937541;544988.2504028352;-1.1088757480039027
