MSE;MAE;RMSE;R2
1204073534934.985;1031132.5910714231;1097302.8455877553;-7.5492836180573875
