MSE;MAE;RMSE;R2
2937086.116169876;1220.8732467540008;1713.7929035241907;0.9626396243708032
