MSE;MAE;RMSE;R2
9379740622.442894;80419.54825361229;96849.06103025931;0.5482192792404065
