MSE;MAE;RMSE;R2
1116121.5899700096;738.6365681594114;1056.4665588507805;0.9858026900813132
