MSE;MAE;RMSE;R2
1147029.562766229;749.4879847560891;1070.9946604751253;0.9854095339299677
