MSE;MAE;RMSE;R2
10238898110.015123;76642.21858232941;101187.44047565944;0.5068374538141622
