MAE;MSE;RMSE
77618.49192224159;11948246823.42159;109308.03640822385
