MAE;MSE;RMSE
372662.8540757016;168246320195.28952;410178.4004494746
