MSE;MAE;RMSE;R2
5.202551515904397e-16;2.2806319701549124e-08;2.2809102384584092e-08;1.0
