MSE;MAE;RMSE;R2
459334312.2080813;15498.47223889373;21432.086044248732;0.7986867686139407
