MSE;MAE;RMSE;R2
291448614.293848;11899.146132428947;17071.86616318931;0.872266319395045
