MAE;MSE;RMSE
39684.026643412806;2498657898.430971;49986.57718258944
