Wegzüge;Zuzüge;Geburte;Todesfälle;RainDur_min;StrGlo_W/m2;T_C;T_max_h1_C;p_hPa;month;year;weekday;day_of_year;week_of_year;sin_day_of_year;cos_day_of_year;T_C_rolling3;rained_today;days_since_rain
-237831.94609310778;66036.05269047154;-73884.83794270367;30388.48233448861;48138.64496403671;3303.658478178899;92863.32168932866;66770.04995313668;-25340.715832871854;0.0;-530397.3749945052;0.0;0.0;0.0;0.0;0.0;-29936.182467852574;0.0;0.0
-7110.3079449582;-18896.601615925792;-68114.28522300177;-53426.03248964613;-123778.54934116299;25327.441144819117;94374.11962138508;67078.29085392818;36157.62794156493;0.0;-489988.2981769809;0.0;0.0;0.0;0.0;0.0;-31378.335100821772;0.0;0.0
